node,degree_centrality,betweenness_centrality,closeness_centrality
WH_A,0.375,0.75,0.6153846153846154
HUB_B,0.375,0.46428571428571425,0.5
HUB_C,0.375,0.46428571428571425,0.5
CUST_1,0.125,0.0,0.34782608695652173
CUST_2,0.125,0.0,0.34782608695652173
CUST_3,0.125,0.0,0.34782608695652173
CUST_4,0.125,0.0,0.34782608695652173
HUB_D,0.25,0.25,0.4444444444444444
CUST_5,0.125,0.0,0.32
